source_path,cropped_path,fashion_mnist_class,status,message,crop_method,left,top,right,bottom,source_sha256,crop_sha256
/Users/ashley/Desktop/python/CS156-Machine-Learning/final/data/retail_images/raw/t_shirt_top/brandy_melville_tops_page_4_00351b9b74fe.jpg,/Users/ashley/Desktop/python/CS156-Machine-Learning/final/data/retail_images/cropped/t_shirt_top/brandy_melville_tops_page_4_00351b9b74fe_crop.jpg,T-shirt/top,cropped,ok,foreground,0,0,533,800,243eaf9ec416171247971c93ec69a443f524aa7f711602d8b08a42551645afb0,f668bcea8c8f7322547006e796a283914dd9203879a840b99e7df9abb47bb00e
/Users/ashley/Desktop/python/CS156-Machine-Learning/final/data/retail_images/raw/t_shirt_top/brandy_melville_tops_page_4_044c789ddf04.jpg,/Users/ashley/Desktop/python/CS156-Machine-Learning/final/data/retail_images/cropped/t_shirt_top/brandy_melville_tops_page_4_044c789ddf04_crop.jpg,T-shirt/top,cropped,ok,foreground,0,0,165,248,039638a16fa47484475022572cc1b167cb4cbb2af7aa96c47426a8516b823132,82c65fb0feede867ff05b981121b21fd05ae0f3d07f67209087901f8acf79038
/Users/ashley/Desktop/python/CS156-Machine-Learning/final/data/retail_images/raw/t_shirt_top/brandy_melville_tops_page_4_091459355b2d.jpg,/Users/ashley/Desktop/python/CS156-Machine-Learning/final/data/retail_images/cropped/t_shirt_top/brandy_melville_tops_page_4_091459355b2d_crop.jpg,T-shirt/top,cropped,ok,foreground,0,0,360,540,80127a06424ba7b9b6ed743502c627880abe99e498b4d032cdffc5306f28d67b,3bb6d1232a5a09a948584569928367da679c3b6fb323089cca27e702110306c7
/Users/ashley/Desktop/python/CS156-Machine-Learning/final/data/retail_images/raw/t_shirt_top/brandy_melville_tops_page_4_0b21816dd8c4.jpg,/Users/ashley/Desktop/python/CS156-Machine-Learning/final/data/retail_images/cropped/t_shirt_top/brandy_melville_tops_page_4_0b21816dd8c4_crop.jpg,T-shirt/top,cropped,ok,foreground,0,0,165,248,7828cd58a51a484175d81d950aebc69fb3c5f3d6299ef81150ac2cec2cf117cb,b562638298890ea998552a1652802862d6ef64e2bc6bce2f9a9492440e644f3a
/Users/ashley/Desktop/python/CS156-Machine-Learning/final/data/retail_images/raw/t_shirt_top/brandy_melville_tops_page_4_0b27ff4344e8.jpg,/Users/ashley/Desktop/python/CS156-Machine-Learning/final/data/retail_images/cropped/t_shirt_top/brandy_melville_tops_page_4_0b27ff4344e8_crop.jpg,T-shirt/top,cropped,ok,foreground,0,0,533,800,db694ab668ce307c19861baf6319952759bf40d568b5997750ea2e7f6b636f71,e2c7134bc60fab7ec3e01ff3ab4d7192f0ec0d143585a17dd39b763cc685cbc9
/Users/ashley/Desktop/python/CS156-Machine-Learning/final/data/retail_images/raw/t_shirt_top/brandy_melville_tops_page_4_0e459158782e.jpg,/Users/ashley/Desktop/python/CS156-Machine-Learning/final/data/retail_images/cropped/t_shirt_top/brandy_melville_tops_page_4_0e459158782e_crop.jpg,T-shirt/top,cropped,ok,foreground,0,0,360,540,0c1e4a1bb76b046a25a773d3019ccaec6dd1c13a734bd516d1953ec9a764fa56,1d822b4dc9c1fb61ea644a2d4075a1d86a7af79e57226cd6785a1fb21603a3a9
/Users/ashley/Desktop/python/CS156-Machine-Learning/final/data/retail_images/raw/t_shirt_top/brandy_melville_tops_page_4_1012804e5921.jpg,/Users/ashley/Desktop/python/CS156-Machine-Learning/final/data/retail_images/cropped/t_shirt_top/brandy_melville_tops_page_4_1012804e5921_crop.jpg,T-shirt/top,cropped,ok,foreground,0,0,360,540,69d482beff6e0670a5b17673d20be6542feb806478c2d3d0a5e4c9a031c9621f,2165ee1c0142a7e60a3e45a3751f94748b2ad7b5354bd83efc7cba04aed8b179
/Users/ashley/Desktop/python/CS156-Machine-Learning/final/data/retail_images/raw/t_shirt_top/brandy_melville_tops_page_4_1035e9c74de8.jpg,/Users/ashley/Desktop/python/CS156-Machine-Learning/final/data/retail_images/cropped/t_shirt_top/brandy_melville_tops_page_4_1035e9c74de8_crop.jpg,T-shirt/top,cropped,ok,foreground,0,0,165,248,9a5985ae5ee82a43d9366bf8318908bf5338ef1accba02a62541ad152f468fc2,ddfe6190bfe7c9801d8fdc4fb7a16e2e650da0ed367a527a8db4899d7dacc618
/Users/ashley/Desktop/python/CS156-Machine-Learning/final/data/retail_images/raw/t_shirt_top/brandy_melville_tops_page_4_11ac445273be.jpg,/Users/ashley/Desktop/python/CS156-Machine-Learning/final/data/retail_images/cropped/t_shirt_top/brandy_melville_tops_page_4_11ac445273be_crop.jpg,T-shirt/top,cropped,ok,foreground,0,0,165,248,31b92938e611350d9f61309951ecf402626e53751d66a78748618a6b34879758,f89daf3a019baa77e9b36609d0ca46a9bbee8c05a9eb48340b4b4cae86bf496a
/Users/ashley/Desktop/python/CS156-Machine-Learning/final/data/retail_images/raw/t_shirt_top/brandy_melville_tops_page_4_137ee632ca9b.jpg,/Users/ashley/Desktop/python/CS156-Machine-Learning/final/data/retail_images/cropped/t_shirt_top/brandy_melville_tops_page_4_137ee632ca9b_crop.jpg,T-shirt/top,cropped,ok,foreground,0,0,360,540,ec063e69b5b2bb8d254b4b7bfc2aa58ce8950eaad7761d6b770ae2421d91cbee,5149fa779ed574dae0a133bfb2c51682eaf604118911edc734992c8e17059212
/Users/ashley/Desktop/python/CS156-Machine-Learning/final/data/retail_images/raw/t_shirt_top/brandy_melville_tops_page_4_17c4dbab344d.jpg,/Users/ashley/Desktop/python/CS156-Machine-Learning/final/data/retail_images/cropped/t_shirt_top/brandy_melville_tops_page_4_17c4dbab344d_crop.jpg,T-shirt/top,cropped,ok,foreground,0,0,165,248,2fd920f1c3e988e3cb5ca7c7546abfeb4d297ed0852179d005ca8841a4319506,b31e0e970fe67d989f9a10606d570f389a88187c83e4bbc951ab1c3ae52b1c33
/Users/ashley/Desktop/python/CS156-Machine-Learning/final/data/retail_images/raw/t_shirt_top/brandy_melville_tops_page_4_1926bcf698ef.jpg,/Users/ashley/Desktop/python/CS156-Machine-Learning/final/data/retail_images/cropped/t_shirt_top/brandy_melville_tops_page_4_1926bcf698ef_crop.jpg,T-shirt/top,cropped,ok,foreground,0,0,360,540,ad3322ad661ad390100e5b2b59d7ff6bf4c5770fe5dc6f2bce60c0e5e21fdb3f,d9d492b59d6392adc50fcfdc835b96081472b524adec40ae1bd7d5e3e517d2d6
/Users/ashley/Desktop/python/CS156-Machine-Learning/final/data/retail_images/raw/t_shirt_top/brandy_melville_tops_page_4_1bffb93d424b.jpg,/Users/ashley/Desktop/python/CS156-Machine-Learning/final/data/retail_images/cropped/t_shirt_top/brandy_melville_tops_page_4_1bffb93d424b_crop.jpg,T-shirt/top,cropped,ok,foreground,0,0,533,800,ccda84d5dcef9902864d3280e0b539b22fae9169fa556def80b60d7a41428a25,6375ab6af6a18a9356cf7e5565d95e0a25efa3a926928015c9317d9e693da842
/Users/ashley/Desktop/python/CS156-Machine-Learning/final/data/retail_images/raw/t_shirt_top/brandy_melville_tops_page_4_1f9114b04f5d.jpg,/Users/ashley/Desktop/python/CS156-Machine-Learning/final/data/retail_images/cropped/t_shirt_top/brandy_melville_tops_page_4_1f9114b04f5d_crop.jpg,T-shirt/top,cropped,ok,foreground,0,0,360,540,6a49b23b03aa1eb77ef1546eae9b61dc803b67ba75734c3ca02d8c8f26f00470,35fa446062adace3bb9fdcffb8c9102cb49ae657de4f7d12f91d3143933e8feb
/Users/ashley/Desktop/python/CS156-Machine-Learning/final/data/retail_images/raw/t_shirt_top/brandy_melville_tops_page_4_2128a3da5612.jpg,/Users/ashley/Desktop/python/CS156-Machine-Learning/final/data/retail_images/cropped/t_shirt_top/brandy_melville_tops_page_4_2128a3da5612_crop.jpg,T-shirt/top,cropped,ok,foreground,0,0,360,540,af5e10c93f5cfcd3fe0812742b879bfc0f0b237f84e587fa07594df6e6d90d48,f2f407efaf0d2da7fe99d4c97c6684605011e4bed3920ab96e3a3b16fbda47b2
/Users/ashley/Desktop/python/CS156-Machine-Learning/final/data/retail_images/raw/t_shirt_top/brandy_melville_tops_page_4_2902642fc5cf.jpg,/Users/ashley/Desktop/python/CS156-Machine-Learning/final/data/retail_images/cropped/t_shirt_top/brandy_melville_tops_page_4_2902642fc5cf_crop.jpg,T-shirt/top,cropped,ok,foreground,0,0,165,248,2ad1aae77c2fa6be2766e20aa28af6e4ef74fa1aedfe003dbbd1f2c7b6e2ee98,4f07f3326dfda1b1e10eefea7e87346ec550cdf7f471215babb4fa54370d40a7
/Users/ashley/Desktop/python/CS156-Machine-Learning/final/data/retail_images/raw/t_shirt_top/brandy_melville_tops_page_4_2df46b6736d2.jpg,/Users/ashley/Desktop/python/CS156-Machine-Learning/final/data/retail_images/cropped/t_shirt_top/brandy_melville_tops_page_4_2df46b6736d2_crop.jpg,T-shirt/top,cropped,ok,foreground,0,0,533,800,d48814c72f8ce8fc65852a7c55f6c59706c5f5d9c925472013a864dfebeba7a5,3738d21c88112c3ca8020c5af37338e6347cc3fba7298e47338d1e80fd6ebc34
/Users/ashley/Desktop/python/CS156-Machine-Learning/final/data/retail_images/raw/t_shirt_top/brandy_melville_tops_page_4_31f46c6d9e2d.jpg,/Users/ashley/Desktop/python/CS156-Machine-Learning/final/data/retail_images/cropped/t_shirt_top/brandy_melville_tops_page_4_31f46c6d9e2d_crop.jpg,T-shirt/top,cropped,ok,foreground,0,0,360,540,295efd3f8304abb6668ec88f118a228f5b8f9d65a0898a5eb5944cfe6a1643ac,e793a0c59f23b3de7c1521e0ec9d96d3920b1da7ad53e962a97d433ac66fc09c
/Users/ashley/Desktop/python/CS156-Machine-Learning/final/data/retail_images/raw/t_shirt_top/brandy_melville_tops_page_4_36b27d70f37c.jpg,/Users/ashley/Desktop/python/CS156-Machine-Learning/final/data/retail_images/cropped/t_shirt_top/brandy_melville_tops_page_4_36b27d70f37c_crop.jpg,T-shirt/top,cropped,ok,foreground,0,0,533,800,9e2f8465d48423e72c84f618b034f3c4553f8b8f34211edb890850aeecb6261c,754da0f17fafe1fe30d281ca790c66f2f0f8ebfdefe9b4e6c6e249f7322002ec
/Users/ashley/Desktop/python/CS156-Machine-Learning/final/data/retail_images/raw/t_shirt_top/brandy_melville_tops_page_4_3d8afe4e68be.jpg,/Users/ashley/Desktop/python/CS156-Machine-Learning/final/data/retail_images/cropped/t_shirt_top/brandy_melville_tops_page_4_3d8afe4e68be_crop.jpg,T-shirt/top,cropped,ok,foreground,0,0,533,800,e5cc8adece21f9410245626515ee7fd5a21bea7d06aee3f42899cfbcdc56a454,bd66826b454708b6288d63e1f800e885bee69a9250a6cfdfdbbbfb0a84431d67
/Users/ashley/Desktop/python/CS156-Machine-Learning/final/data/retail_images/raw/t_shirt_top/brandy_melville_tops_page_4_3e6105fc11a5.jpg,/Users/ashley/Desktop/python/CS156-Machine-Learning/final/data/retail_images/cropped/t_shirt_top/brandy_melville_tops_page_4_3e6105fc11a5_crop.jpg,T-shirt/top,cropped,ok,foreground,0,0,360,540,1ce31ca3d62b93b72c623ff54ec3b531b7c87032610f86e6f1536fc1930a622d,309a37ff9a4c987d9f4e164e80c27a41fbc194e6aacefddd5496f6750d09a200
/Users/ashley/Desktop/python/CS156-Machine-Learning/final/data/retail_images/raw/t_shirt_top/brandy_melville_tops_page_4_3ff41db59c62.png,/Users/ashley/Desktop/python/CS156-Machine-Learning/final/data/retail_images/cropped/t_shirt_top/brandy_melville_tops_page_4_3ff41db59c62_crop.jpg,T-shirt/top,cropped,ok,foreground,26,244,1169,386,50fb6310b2bc1e1136c01c07056f843e8b9e3aeda50cb3b320470201e13e0cdf,aba702bc6fb989ff291a945de6930155fd58095356c1d3f257fa5260e18594bd
/Users/ashley/Desktop/python/CS156-Machine-Learning/final/data/retail_images/raw/t_shirt_top/brandy_melville_tops_page_4_46f611a3a5a9.jpg,/Users/ashley/Desktop/python/CS156-Machine-Learning/final/data/retail_images/cropped/t_shirt_top/brandy_melville_tops_page_4_46f611a3a5a9_crop.jpg,T-shirt/top,cropped,ok,foreground,0,0,165,248,cb69630d4e5a3e8c421df7cd1d1a9d5c4eace3d4cd276db8f4dbf5ac0454440c,bc19806e359c825cb802b87a51e82f459d304ee430f05e138e5f8620f1566941
/Users/ashley/Desktop/python/CS156-Machine-Learning/final/data/retail_images/raw/t_shirt_top/brandy_melville_tops_page_4_482bb4971a05.jpg,/Users/ashley/Desktop/python/CS156-Machine-Learning/final/data/retail_images/cropped/t_shirt_top/brandy_melville_tops_page_4_482bb4971a05_crop.jpg,T-shirt/top,cropped,ok,foreground,0,0,360,540,597dea9c0bb9b659056e1d4fafd80a095020198a537160398ae3ec845b4abe39,4ec4a5d0df4dc0324d3b7265ade710efdb0b8cf0ad329989555671b8303c59a0
/Users/ashley/Desktop/python/CS156-Machine-Learning/final/data/retail_images/raw/t_shirt_top/brandy_melville_tops_page_4_496a04d4779c.jpg,/Users/ashley/Desktop/python/CS156-Machine-Learning/final/data/retail_images/cropped/t_shirt_top/brandy_melville_tops_page_4_496a04d4779c_crop.jpg,T-shirt/top,cropped,ok,foreground,0,0,165,248,030ef3ed43e5501f3f23ac5c8fa3b66ab31ec945b710d19f60bb48c408cbbaca,94b79c14eef8ac44c6a9334e3a79df0f1fbbca308110a675e21b6488e20e78f0
/Users/ashley/Desktop/python/CS156-Machine-Learning/final/data/retail_images/raw/t_shirt_top/brandy_melville_tops_page_4_49b7d1b6b021.jpg,/Users/ashley/Desktop/python/CS156-Machine-Learning/final/data/retail_images/cropped/t_shirt_top/brandy_melville_tops_page_4_49b7d1b6b021_crop.jpg,T-shirt/top,cropped,ok,foreground,0,0,165,248,d9bdd569cc3b46ed6c97127d40f559c2145e938e3cebe352d3f09a8ae85a720c,38ddce2162950e3bab48585dc1377c4865f64fc86f478dd028ae4a1235cb6413
/Users/ashley/Desktop/python/CS156-Machine-Learning/final/data/retail_images/raw/t_shirt_top/brandy_melville_tops_page_4_49b800a8ac33.jpg,/Users/ashley/Desktop/python/CS156-Machine-Learning/final/data/retail_images/cropped/t_shirt_top/brandy_melville_tops_page_4_49b800a8ac33_crop.jpg,T-shirt/top,cropped,ok,foreground,0,0,533,800,6f4dabaf170097ddd8e8487e27be0d305bbb43c6ab872ddbcceb07aa5cc84f3d,98f81facee4f3ce7fc09bd93df7d9c5787fff81333186a500f42f9c28d7d2580
/Users/ashley/Desktop/python/CS156-Machine-Learning/final/data/retail_images/raw/t_shirt_top/brandy_melville_tops_page_4_4fdf81322eaa.jpg,/Users/ashley/Desktop/python/CS156-Machine-Learning/final/data/retail_images/cropped/t_shirt_top/brandy_melville_tops_page_4_4fdf81322eaa_crop.jpg,T-shirt/top,cropped,ok,foreground,0,0,165,248,1f47f01d6c7bde0d1ba0733532a7c095e0eb698cdf52893cf6f4c66074f61fd1,c2649790a2601d7074de9e49d8c4ce8b41be5f808d10c1487785688861eddef9
/Users/ashley/Desktop/python/CS156-Machine-Learning/final/data/retail_images/raw/t_shirt_top/brandy_melville_tops_page_4_50d2e51ae671.jpg,/Users/ashley/Desktop/python/CS156-Machine-Learning/final/data/retail_images/cropped/t_shirt_top/brandy_melville_tops_page_4_50d2e51ae671_crop.jpg,T-shirt/top,cropped,ok,foreground,0,0,360,540,f2bc3c15a4f855c8f90e658be46b7db15c8ef5582f9830cd746ddc52d63e47c1,6d43bc38cac308a41032273ddcc3121fde3198d08a1be51cc414f18425f8018e
/Users/ashley/Desktop/python/CS156-Machine-Learning/final/data/retail_images/raw/t_shirt_top/brandy_melville_tops_page_4_532c3d3cdb71.jpg,/Users/ashley/Desktop/python/CS156-Machine-Learning/final/data/retail_images/cropped/t_shirt_top/brandy_melville_tops_page_4_532c3d3cdb71_crop.jpg,T-shirt/top,cropped,ok,foreground,0,0,533,800,f2fc7e87bb290a66a36f3ae52bb55ab997c0f978f8484d2521c24755552f69df,1227a1db2fa825581356c37a7c761fc2b2a43ce8f5ec8c60709f1eea9a9f0341
/Users/ashley/Desktop/python/CS156-Machine-Learning/final/data/retail_images/raw/t_shirt_top/brandy_melville_tops_page_4_53a456d2c632.jpg,/Users/ashley/Desktop/python/CS156-Machine-Learning/final/data/retail_images/cropped/t_shirt_top/brandy_melville_tops_page_4_53a456d2c632_crop.jpg,T-shirt/top,cropped,ok,foreground,0,0,165,248,167798c8c2260fea162155114875e08ab55444d2b1cba56cf21eb930115ef694,5f36ba056e2eea923853b12f0872bc5314f4576f0cf1d27d5c7d06a0fe2c6472
/Users/ashley/Desktop/python/CS156-Machine-Learning/final/data/retail_images/raw/t_shirt_top/brandy_melville_tops_page_4_580c7bd0b280.png,/Users/ashley/Desktop/python/CS156-Machine-Learning/final/data/retail_images/cropped/t_shirt_top/brandy_melville_tops_page_4_580c7bd0b280_crop.jpg,T-shirt/top,cropped,ok,foreground,0,0,430,437,f389c760da173766c59e56786b5a9ee1a2dc7f650b217307a583e8483758ef48,d5b91e7bcef1ed3f216ce90613741c47e9f834f680a7526a7c89196089c51a81
/Users/ashley/Desktop/python/CS156-Machine-Learning/final/data/retail_images/raw/t_shirt_top/brandy_melville_tops_page_4_593d38a57918.png,/Users/ashley/Desktop/python/CS156-Machine-Learning/final/data/retail_images/cropped/t_shirt_top/brandy_melville_tops_page_4_593d38a57918_crop.jpg,T-shirt/top,cropped,ok,foreground,26,244,1169,386,50fb6310b2bc1e1136c01c07056f843e8b9e3aeda50cb3b320470201e13e0cdf,aba702bc6fb989ff291a945de6930155fd58095356c1d3f257fa5260e18594bd
/Users/ashley/Desktop/python/CS156-Machine-Learning/final/data/retail_images/raw/t_shirt_top/brandy_melville_tops_page_4_5b2aae6624ba.jpg,/Users/ashley/Desktop/python/CS156-Machine-Learning/final/data/retail_images/cropped/t_shirt_top/brandy_melville_tops_page_4_5b2aae6624ba_crop.jpg,T-shirt/top,cropped,ok,foreground,0,0,360,540,1486273a64ef8606729468eec53a67f94d8c5a681892e6b2fb368cb809268284,627e055c1287e1467b3f083b0c602212933071f5c2e0bef25dff764d6de5285a
/Users/ashley/Desktop/python/CS156-Machine-Learning/final/data/retail_images/raw/t_shirt_top/brandy_melville_tops_page_4_5f5de885e34a.jpg,/Users/ashley/Desktop/python/CS156-Machine-Learning/final/data/retail_images/cropped/t_shirt_top/brandy_melville_tops_page_4_5f5de885e34a_crop.jpg,T-shirt/top,cropped,ok,foreground,0,0,165,248,1218b45025cc07d157d7621bf6f7e75ef68c149de75afbbe0e94552c8cf051cf,cab95464a1cc31d8b4a62ae546eb536e628224c63f1f338f41883ea732fadad5
/Users/ashley/Desktop/python/CS156-Machine-Learning/final/data/retail_images/raw/t_shirt_top/brandy_melville_tops_page_4_65081fb9ad2f.jpg,/Users/ashley/Desktop/python/CS156-Machine-Learning/final/data/retail_images/cropped/t_shirt_top/brandy_melville_tops_page_4_65081fb9ad2f_crop.jpg,T-shirt/top,cropped,ok,foreground,0,0,165,248,d0ffa6f1cd0a126293267fbf2a76be94505a5006ac0fd611b06360522a4a872c,f925e654e82fed826fd41ec60dca1f186945827041b668eede29c05f38537ae9
/Users/ashley/Desktop/python/CS156-Machine-Learning/final/data/retail_images/raw/t_shirt_top/brandy_melville_tops_page_4_6ccd83a92420.jpg,/Users/ashley/Desktop/python/CS156-Machine-Learning/final/data/retail_images/cropped/t_shirt_top/brandy_melville_tops_page_4_6ccd83a92420_crop.jpg,T-shirt/top,cropped,ok,foreground,0,0,165,248,e5273290e94fd3a396823adc7b91a0fab6da653feb0da4948ceb2cd9ed4133bc,9e188cbe3a4ff903118195432f8cd780317aebae6379b095867c878d8ff26b39
/Users/ashley/Desktop/python/CS156-Machine-Learning/final/data/retail_images/raw/t_shirt_top/brandy_melville_tops_page_4_6e53f7edff5e.jpg,/Users/ashley/Desktop/python/CS156-Machine-Learning/final/data/retail_images/cropped/t_shirt_top/brandy_melville_tops_page_4_6e53f7edff5e_crop.jpg,T-shirt/top,cropped,ok,foreground,0,0,360,540,1034b9aef2a7153c90a0b1abdeef85654d9245fc2d12fb4ad6551dcd63a6b3b9,5830be80076d9c346246c391f7926d8ceffd6ddbe815dc0d5282001f918dab59
/Users/ashley/Desktop/python/CS156-Machine-Learning/final/data/retail_images/raw/t_shirt_top/brandy_melville_tops_page_4_6ee344ced5f2.jpg,/Users/ashley/Desktop/python/CS156-Machine-Learning/final/data/retail_images/cropped/t_shirt_top/brandy_melville_tops_page_4_6ee344ced5f2_crop.jpg,T-shirt/top,cropped,ok,foreground,0,0,533,800,9caceb78218d895842769e504bf38a8350b9318fb7edf277df3340eb0ad538cf,5515cb1255e2c5f9f064f22f197ed4406b14351846dc9e49fc8895c623d072ac
/Users/ashley/Desktop/python/CS156-Machine-Learning/final/data/retail_images/raw/t_shirt_top/brandy_melville_tops_page_4_703501a2ce61.jpg,/Users/ashley/Desktop/python/CS156-Machine-Learning/final/data/retail_images/cropped/t_shirt_top/brandy_melville_tops_page_4_703501a2ce61_crop.jpg,T-shirt/top,cropped,ok,foreground,0,0,533,800,9802fcc1d64ed308e120782fa0a0ec87b9747daee2b270368574a17d7de6d96e,cbfb57698caa213f99e766a680f06d4cd2f7c2ed8fd5e198e30211c30e1f85ea
/Users/ashley/Desktop/python/CS156-Machine-Learning/final/data/retail_images/raw/t_shirt_top/brandy_melville_tops_page_4_703524a05112.jpg,/Users/ashley/Desktop/python/CS156-Machine-Learning/final/data/retail_images/cropped/t_shirt_top/brandy_melville_tops_page_4_703524a05112_crop.jpg,T-shirt/top,cropped,ok,foreground,0,0,533,800,31e2b7ab3ffc72c9c439e05b63c8f0ec946d0ca5b1b110df8a74b7741d022130,166dbff27a5b8cbc36f96016a8a829c956624c609bdba7bb452bc155d894e598
/Users/ashley/Desktop/python/CS156-Machine-Learning/final/data/retail_images/raw/t_shirt_top/brandy_melville_tops_page_4_71b185967c23.jpg,/Users/ashley/Desktop/python/CS156-Machine-Learning/final/data/retail_images/cropped/t_shirt_top/brandy_melville_tops_page_4_71b185967c23_crop.jpg,T-shirt/top,cropped,ok,foreground,0,0,533,800,8fe846bb4c0b92e489fd761c35c51cd2085f5b3b654e9cafb6d3b3793a85831d,2ceae2d79f5c1b4501eab8b49c41898b9ffcb7228a4af7cfbc248e1c2e6a54be
/Users/ashley/Desktop/python/CS156-Machine-Learning/final/data/retail_images/raw/t_shirt_top/brandy_melville_tops_page_4_725dd10599fe.jpg,/Users/ashley/Desktop/python/CS156-Machine-Learning/final/data/retail_images/cropped/t_shirt_top/brandy_melville_tops_page_4_725dd10599fe_crop.jpg,T-shirt/top,cropped,ok,foreground,0,0,165,248,bd00df6c38085e9c1fab9a28a46c4ed04c6563324774e919fe55ca31f8b993b5,20bcf63015fabff9c6a500ed04550c27d6418682df51a10501e6f7cf035c0249
/Users/ashley/Desktop/python/CS156-Machine-Learning/final/data/retail_images/raw/t_shirt_top/brandy_melville_tops_page_4_750e24641e84.jpg,/Users/ashley/Desktop/python/CS156-Machine-Learning/final/data/retail_images/cropped/t_shirt_top/brandy_melville_tops_page_4_750e24641e84_crop.jpg,T-shirt/top,cropped,ok,foreground,0,0,165,248,08081d3053bc300e29b0f541604b693af724b314ccb85f4cd55d129ad6003172,0cfe60a943abe4008fe35ec506714f68be28c1d56aa2cfbf7f04a074fce534a2
/Users/ashley/Desktop/python/CS156-Machine-Learning/final/data/retail_images/raw/t_shirt_top/brandy_melville_tops_page_4_83fea7ea8895.jpg,/Users/ashley/Desktop/python/CS156-Machine-Learning/final/data/retail_images/cropped/t_shirt_top/brandy_melville_tops_page_4_83fea7ea8895_crop.jpg,T-shirt/top,cropped,ok,foreground,0,0,165,248,53566738117ab62a3ec1afe3ac2ec9f6d67912d44fe1d6f3350388a6b649c7b2,2eb59f960cc9f40db3c7a4fefd7812d228899de1707d19aba191afaed31d68a4
/Users/ashley/Desktop/python/CS156-Machine-Learning/final/data/retail_images/raw/t_shirt_top/brandy_melville_tops_page_4_8c2b4aead1f4.jpg,/Users/ashley/Desktop/python/CS156-Machine-Learning/final/data/retail_images/cropped/t_shirt_top/brandy_melville_tops_page_4_8c2b4aead1f4_crop.jpg,T-shirt/top,cropped,ok,foreground,0,0,165,248,c17f5fd2abe8f163f6a42cedafa11cae75079216eb6a3c991b3d82224d7af91e,1580534c6e7ead3039a4116299d1eedd3da54e30f266e3c597ee7694f78d1509
/Users/ashley/Desktop/python/CS156-Machine-Learning/final/data/retail_images/raw/t_shirt_top/brandy_melville_tops_page_4_8c4c0d9efec4.jpg,/Users/ashley/Desktop/python/CS156-Machine-Learning/final/data/retail_images/cropped/t_shirt_top/brandy_melville_tops_page_4_8c4c0d9efec4_crop.jpg,T-shirt/top,cropped,ok,foreground,0,0,360,540,bcba5ee2d6fa33714f61a82659455e7de2394ef6f0332c447625bd8a535ce9d0,9a168b21ebfce0c120a420b0c8e41bd6a1fdd442aba8a79a2f8519659e106325
/Users/ashley/Desktop/python/CS156-Machine-Learning/final/data/retail_images/raw/t_shirt_top/brandy_melville_tops_page_4_90d9bbeb5a29.jpg,/Users/ashley/Desktop/python/CS156-Machine-Learning/final/data/retail_images/cropped/t_shirt_top/brandy_melville_tops_page_4_90d9bbeb5a29_crop.jpg,T-shirt/top,cropped,ok,foreground,0,0,165,248,62a6cd79e14f56ecf995a5550fbe33b614ac53ebb32b32617a70a2e4ef28c6ea,1086dd91d346b343ad008fc7021231d52fac1bd898e25181732508db754d0b77
/Users/ashley/Desktop/python/CS156-Machine-Learning/final/data/retail_images/raw/t_shirt_top/brandy_melville_tops_page_4_961c71b927e2.jpg,/Users/ashley/Desktop/python/CS156-Machine-Learning/final/data/retail_images/cropped/t_shirt_top/brandy_melville_tops_page_4_961c71b927e2_crop.jpg,T-shirt/top,cropped,ok,foreground,0,0,533,800,5f4ada35501b9c9972227d1d9115eb30d6c8a9cf51906a7f05299eea321060ae,50a7e4fe3a93d60a5c7ff1a2c0fa80995cb4c703b40027f3a67b77044cd1e006
/Users/ashley/Desktop/python/CS156-Machine-Learning/final/data/retail_images/raw/t_shirt_top/brandy_melville_tops_page_4_9d98b57b6113.jpg,/Users/ashley/Desktop/python/CS156-Machine-Learning/final/data/retail_images/cropped/t_shirt_top/brandy_melville_tops_page_4_9d98b57b6113_crop.jpg,T-shirt/top,cropped,ok,foreground,0,0,360,540,615d6fcc767cec71a53947af26a80d2b9d2d06e21b5caccb18a2aae87a73e815,abbbb9163eeb5574e00266776402a02bd96fb3a508734f249c6f3541a3a536fd
/Users/ashley/Desktop/python/CS156-Machine-Learning/final/data/retail_images/raw/t_shirt_top/brandy_melville_tops_page_4_9dc56cbac77a.jpg,/Users/ashley/Desktop/python/CS156-Machine-Learning/final/data/retail_images/cropped/t_shirt_top/brandy_melville_tops_page_4_9dc56cbac77a_crop.jpg,T-shirt/top,cropped,ok,foreground,0,0,533,800,b514ed3aa511ae8d9ba04e72a0562cf12ae92a81ca5cd21671b102873dc42675,66a125c84d7c444a3305004eea9242a1f46e35f95c7b28522800874178def1ef
/Users/ashley/Desktop/python/CS156-Machine-Learning/final/data/retail_images/raw/t_shirt_top/brandy_melville_tops_page_4_9f58dfec0518.jpg,/Users/ashley/Desktop/python/CS156-Machine-Learning/final/data/retail_images/cropped/t_shirt_top/brandy_melville_tops_page_4_9f58dfec0518_crop.jpg,T-shirt/top,cropped,ok,foreground,0,0,533,800,e85ff1f855c8126b30c2ed40b15d95d6e0e50d2b90cbe6b8e8827a48332512f0,720e5c694ec2d8fb7e98dd62f2ef0153ec9733953d84a7ea2a6d75765f23bcc8
/Users/ashley/Desktop/python/CS156-Machine-Learning/final/data/retail_images/raw/t_shirt_top/brandy_melville_tops_page_4_a3f47dd459cc.jpg,/Users/ashley/Desktop/python/CS156-Machine-Learning/final/data/retail_images/cropped/t_shirt_top/brandy_melville_tops_page_4_a3f47dd459cc_crop.jpg,T-shirt/top,cropped,ok,foreground,0,0,533,800,8e6a79f36ced0af7d279d0deb1f1a27d8003095eb2d6d9208965090a4ce69b9d,78ff981ba052f2358afd58d158a19be815ed5f2893c57db22605d24fac35af8f
/Users/ashley/Desktop/python/CS156-Machine-Learning/final/data/retail_images/raw/t_shirt_top/brandy_melville_tops_page_4_b1aaf778efdd.jpg,/Users/ashley/Desktop/python/CS156-Machine-Learning/final/data/retail_images/cropped/t_shirt_top/brandy_melville_tops_page_4_b1aaf778efdd_crop.jpg,T-shirt/top,cropped,ok,foreground,0,0,533,800,01a1b328ece3d9f714d72ca2757278d7889bd04f6d10f3a6039383f742cb27f2,974fac21326ef4bc6fc22a59658d0cc95a7185c438ed0e7320c07eaca0847117
/Users/ashley/Desktop/python/CS156-Machine-Learning/final/data/retail_images/raw/t_shirt_top/brandy_melville_tops_page_4_b25efa0c5f67.jpg,/Users/ashley/Desktop/python/CS156-Machine-Learning/final/data/retail_images/cropped/t_shirt_top/brandy_melville_tops_page_4_b25efa0c5f67_crop.jpg,T-shirt/top,cropped,ok,foreground,0,0,165,248,0821839fda843a9c7809b4c19cc8305c77d4d1a90889180470a0dcf49af97dd0,94d7dd638eab97c3d39f43340be8323aae8e50fe1f918990b9182845e91b6e24
/Users/ashley/Desktop/python/CS156-Machine-Learning/final/data/retail_images/raw/t_shirt_top/brandy_melville_tops_page_4_ca9000d0f64f.jpg,/Users/ashley/Desktop/python/CS156-Machine-Learning/final/data/retail_images/cropped/t_shirt_top/brandy_melville_tops_page_4_ca9000d0f64f_crop.jpg,T-shirt/top,cropped,ok,foreground,0,0,360,540,331e89c82b31827e328a6a4788a510440033ffc7df71c1ad4e2e767e455ae460,5d787f6b53d2dfcb8389d121e82a81188e31b437271913aea0d94787301955b1
/Users/ashley/Desktop/python/CS156-Machine-Learning/final/data/retail_images/raw/t_shirt_top/brandy_melville_tops_page_4_d6c2a2b13b97.jpg,/Users/ashley/Desktop/python/CS156-Machine-Learning/final/data/retail_images/cropped/t_shirt_top/brandy_melville_tops_page_4_d6c2a2b13b97_crop.jpg,T-shirt/top,cropped,ok,foreground,0,0,533,800,bc75448f7ae4f2498e86868ba34d4cf8090ec135d7a82b1dac4478aeda541534,7d8719631d72196cc026e21bd8629aafd6422407a35acbe08340d03a51b3a755
/Users/ashley/Desktop/python/CS156-Machine-Learning/final/data/retail_images/raw/t_shirt_top/brandy_melville_tops_page_4_df0c798918ba.jpg,/Users/ashley/Desktop/python/CS156-Machine-Learning/final/data/retail_images/cropped/t_shirt_top/brandy_melville_tops_page_4_df0c798918ba_crop.jpg,T-shirt/top,cropped,ok,foreground,0,0,533,800,3149700bd9b97b52c50e3cd45bc82d41495d9818b730a892172a931167f2dfee,abd9e4cec5df90dfe43d0a62b3ada3c5afc887e5a738ffd65e5b06c76241ce83
/Users/ashley/Desktop/python/CS156-Machine-Learning/final/data/retail_images/raw/t_shirt_top/brandy_melville_tops_page_4_e0f8a1fd47c3.jpg,/Users/ashley/Desktop/python/CS156-Machine-Learning/final/data/retail_images/cropped/t_shirt_top/brandy_melville_tops_page_4_e0f8a1fd47c3_crop.jpg,T-shirt/top,cropped,ok,foreground,0,0,360,540,d4bcd845775ab83a8ff80d93d7590c2cf4e4e5db0a81632bca76be7af9eb3d6d,5893f4c31ecf056b0b639871aac795d833d0f8943c971b8abac9651166084e64
/Users/ashley/Desktop/python/CS156-Machine-Learning/final/data/retail_images/raw/t_shirt_top/brandy_melville_tops_page_4_ed34a0f57d3e.jpg,/Users/ashley/Desktop/python/CS156-Machine-Learning/final/data/retail_images/cropped/t_shirt_top/brandy_melville_tops_page_4_ed34a0f57d3e_crop.jpg,T-shirt/top,cropped,ok,foreground,0,0,360,540,5787d14730b53a2922a9607332a4996118d62af4d47e36c48903886bf7511389,69c81318678f2bf088d731f5487d031b890b65743e619ee4ff6db2988afb3d76
/Users/ashley/Desktop/python/CS156-Machine-Learning/final/data/retail_images/raw/t_shirt_top/brandy_melville_tops_page_4_ef89a9a1122f.jpg,/Users/ashley/Desktop/python/CS156-Machine-Learning/final/data/retail_images/cropped/t_shirt_top/brandy_melville_tops_page_4_ef89a9a1122f_crop.jpg,T-shirt/top,cropped,ok,foreground,0,0,533,800,a127405606bf6ae7ca86fd969457def062e75f31a0e78475a002e70fee751221,00d87aa799be7ebbfcdf06e130b797fa5c33e302e4ef05b7ea5944e52dcd7841
/Users/ashley/Desktop/python/CS156-Machine-Learning/final/data/retail_images/raw/t_shirt_top/brandy_melville_tops_page_4_f57e778ce3e6.jpg,/Users/ashley/Desktop/python/CS156-Machine-Learning/final/data/retail_images/cropped/t_shirt_top/brandy_melville_tops_page_4_f57e778ce3e6_crop.jpg,T-shirt/top,cropped,ok,foreground,0,0,360,540,23982ab52daae0f9986626ca22f5ba439a02cc7f40a81a212f09a64aeb2c810b,8caf05356fdb7ef97e1bb43ef93ad9442d22f330baa1a65d1e5b435f2322019d
/Users/ashley/Desktop/python/CS156-Machine-Learning/final/data/retail_images/raw/t_shirt_top/brandy_melville_tops_page_4_fdd22e2e4ead.jpg,/Users/ashley/Desktop/python/CS156-Machine-Learning/final/data/retail_images/cropped/t_shirt_top/brandy_melville_tops_page_4_fdd22e2e4ead_crop.jpg,T-shirt/top,cropped,ok,foreground,0,0,360,540,73024457dd2336f45c25f64f740d8524f97c4f5ca0db4794b3d0bc9ae295aca3,c51a7ab0d093cd6af5fb95cc65ccab6229530620623e9df4638d8e1197ff4615
/Users/ashley/Desktop/python/CS156-Machine-Learning/final/data/retail_images/raw/t_shirt_top/meshki_tops_007199f0514a.jpg,/Users/ashley/Desktop/python/CS156-Machine-Learning/final/data/retail_images/cropped/t_shirt_top/meshki_tops_007199f0514a_crop.jpg,T-shirt/top,cropped,ok,foreground,0,0,888,1332,d3dfeeb203388882592de5d96864b9544a2dcfd8b63bf3b9d5e8a965b98cae98,2a41ce0b9cb5f8bd999c97bcfba5553b1f96894e16bb7baa4ce95e3027c7a534
/Users/ashley/Desktop/python/CS156-Machine-Learning/final/data/retail_images/raw/t_shirt_top/meshki_tops_0a2465c10f97.jpg,/Users/ashley/Desktop/python/CS156-Machine-Learning/final/data/retail_images/cropped/t_shirt_top/meshki_tops_0a2465c10f97_crop.jpg,T-shirt/top,cropped,ok,foreground,0,0,200,300,1c990682f23a9b4ae4817a3e79c9ccc11964d759458a8e7f42599b383dfe9a1f,bb5fb4d6b801763f49d8f4be838d1ef0576ecee7c7885f299d49f98c5baecf12
/Users/ashley/Desktop/python/CS156-Machine-Learning/final/data/retail_images/raw/t_shirt_top/meshki_tops_0abf645c1267.jpg,/Users/ashley/Desktop/python/CS156-Machine-Learning/final/data/retail_images/cropped/t_shirt_top/meshki_tops_0abf645c1267_crop.jpg,T-shirt/top,cropped,ok,foreground,0,0,888,1332,81858dda63b3f6b1da8665d29d8aedf62801d8d675b72565624d2f80798763b1,06270936b8c7bb6491c5d5159bc63dee09ccb1d8aab20381d78d12737dc547f8
/Users/ashley/Desktop/python/CS156-Machine-Learning/final/data/retail_images/raw/t_shirt_top/meshki_tops_0c566ab5c6ec.jpg,/Users/ashley/Desktop/python/CS156-Machine-Learning/final/data/retail_images/cropped/t_shirt_top/meshki_tops_0c566ab5c6ec_crop.jpg,T-shirt/top,cropped,ok,foreground,0,0,444,666,b9d10d281a095a0d00fe7089fdef90ddf3badae5e8f0f3149020721577051489,37f1834d9a47a2de1414d71de3ba44a033f42fd4ab6c1a677abaed7dcb349acf
/Users/ashley/Desktop/python/CS156-Machine-Learning/final/data/retail_images/raw/t_shirt_top/meshki_tops_1872fe235c54.jpg,/Users/ashley/Desktop/python/CS156-Machine-Learning/final/data/retail_images/cropped/t_shirt_top/meshki_tops_1872fe235c54_crop.jpg,T-shirt/top,cropped,ok,foreground,0,0,888,1332,f3e2468e32f345ddbac85860082c7ab089a48c92cc48d89b0cbb3ae42fcdb442,4466c1223937dc2278e89f732ccfb82b03190c48db72001b5c180e153f65cfbd
/Users/ashley/Desktop/python/CS156-Machine-Learning/final/data/retail_images/raw/t_shirt_top/meshki_tops_1a198fa8aca5.jpg,/Users/ashley/Desktop/python/CS156-Machine-Learning/final/data/retail_images/cropped/t_shirt_top/meshki_tops_1a198fa8aca5_crop.jpg,T-shirt/top,cropped,ok,foreground,0,0,444,666,509b5a33b228387d757aa0f5441018c9835cc4db1b754088d5685452fccf5ff4,f8262bce79f7401c56a3e5696334dfeaa6fd83f550c6718b042fa5cc75114f05
/Users/ashley/Desktop/python/CS156-Machine-Learning/final/data/retail_images/raw/t_shirt_top/meshki_tops_1bf86b472775.jpg,/Users/ashley/Desktop/python/CS156-Machine-Learning/final/data/retail_images/cropped/t_shirt_top/meshki_tops_1bf86b472775_crop.jpg,T-shirt/top,cropped,ok,foreground,0,0,888,1332,3f56540dbe92f97c838ee2e40e5043314802b3c65f91b2062983241f46772940,23b28336cca96ed8b1839f8b85c426fb6164194c22b5fc1a6f495dabf4582da4
/Users/ashley/Desktop/python/CS156-Machine-Learning/final/data/retail_images/raw/t_shirt_top/meshki_tops_1efc45489fde.jpg,/Users/ashley/Desktop/python/CS156-Machine-Learning/final/data/retail_images/cropped/t_shirt_top/meshki_tops_1efc45489fde_crop.jpg,T-shirt/top,cropped,ok,foreground,0,0,444,666,5381f14e28bc7490f976cfd3b10c99a6aa0fbea4263d8fb66b4512440cdb5fcf,a3b2d5b7e2003405c5a3ac98d32b5d8d0601f6920618368f935f84aff72f2b62
/Users/ashley/Desktop/python/CS156-Machine-Learning/final/data/retail_images/raw/t_shirt_top/meshki_tops_2511195e4c60.jpg,/Users/ashley/Desktop/python/CS156-Machine-Learning/final/data/retail_images/cropped/t_shirt_top/meshki_tops_2511195e4c60_crop.jpg,T-shirt/top,cropped,ok,foreground,10,0,418,666,16a6ec2de6ae888aef3f79f5bb5effa7dc310ceb2f9bd767cb4af45c9f79df51,8d8ec6578b160e078fef77177e27594b07cd5de8010dc9907bf996fa5798f8f2
/Users/ashley/Desktop/python/CS156-Machine-Learning/final/data/retail_images/raw/t_shirt_top/meshki_tops_274ca1e49734.jpg,/Users/ashley/Desktop/python/CS156-Machine-Learning/final/data/retail_images/cropped/t_shirt_top/meshki_tops_274ca1e49734_crop.jpg,T-shirt/top,cropped,ok,foreground,0,0,444,666,89d4255de590203be00b51338fd740448ae64d4738948276cb0732a7a7dfa2aa,b3cb94c9ecd054c3363cdf5b4774e2d0e56680d63613452d02aff0f484ec59d6
/Users/ashley/Desktop/python/CS156-Machine-Learning/final/data/retail_images/raw/t_shirt_top/meshki_tops_29f22aa87663.jpg,/Users/ashley/Desktop/python/CS156-Machine-Learning/final/data/retail_images/cropped/t_shirt_top/meshki_tops_29f22aa87663_crop.jpg,T-shirt/top,cropped,ok,foreground,0,0,444,666,56c16687eafdd530bdeb42fd6e3676ffdc92c682c1c2b8c37dbd13ef93ee77c6,cc566f6faa90939d6a4ae12628e69ea90fb4c6109aa99c16743f12253ba9739c
/Users/ashley/Desktop/python/CS156-Machine-Learning/final/data/retail_images/raw/t_shirt_top/meshki_tops_3457e6adcf60.jpg,/Users/ashley/Desktop/python/CS156-Machine-Learning/final/data/retail_images/cropped/t_shirt_top/meshki_tops_3457e6adcf60_crop.jpg,T-shirt/top,cropped,ok,foreground,0,0,444,666,70f6fe900c441da6fdd9096f6e5ed33de20410cc86ebeb568786509c5349a3e3,ea87d9adaf3b72661b47917e862ad69c83b1f0b0b543cbc9bc80fb618b2b5a5a
/Users/ashley/Desktop/python/CS156-Machine-Learning/final/data/retail_images/raw/t_shirt_top/meshki_tops_361a27fae1cd.jpg,/Users/ashley/Desktop/python/CS156-Machine-Learning/final/data/retail_images/cropped/t_shirt_top/meshki_tops_361a27fae1cd_crop.jpg,T-shirt/top,cropped,ok,foreground,32,0,166,300,cbadfb0351f1d6e3212542d220a3732ac77a90c3430394e24c8156bb13cbfd5c,4d21811687d5da9d6812f8080549f9d1f61f35d4820bce9642fc823fd745cd66
/Users/ashley/Desktop/python/CS156-Machine-Learning/final/data/retail_images/raw/t_shirt_top/meshki_tops_39c328d564e8.jpg,/Users/ashley/Desktop/python/CS156-Machine-Learning/final/data/retail_images/cropped/t_shirt_top/meshki_tops_39c328d564e8_crop.jpg,T-shirt/top,cropped,ok,foreground,0,0,444,666,509b5a33b228387d757aa0f5441018c9835cc4db1b754088d5685452fccf5ff4,f8262bce79f7401c56a3e5696334dfeaa6fd83f550c6718b042fa5cc75114f05
/Users/ashley/Desktop/python/CS156-Machine-Learning/final/data/retail_images/raw/t_shirt_top/meshki_tops_3e76f04d29cc.jpg,/Users/ashley/Desktop/python/CS156-Machine-Learning/final/data/retail_images/cropped/t_shirt_top/meshki_tops_3e76f04d29cc_crop.jpg,T-shirt/top,cropped,ok,foreground,0,0,444,666,5381f14e28bc7490f976cfd3b10c99a6aa0fbea4263d8fb66b4512440cdb5fcf,a3b2d5b7e2003405c5a3ac98d32b5d8d0601f6920618368f935f84aff72f2b62
/Users/ashley/Desktop/python/CS156-Machine-Learning/final/data/retail_images/raw/t_shirt_top/meshki_tops_3efe4dac1bfe.jpg,/Users/ashley/Desktop/python/CS156-Machine-Learning/final/data/retail_images/cropped/t_shirt_top/meshki_tops_3efe4dac1bfe_crop.jpg,T-shirt/top,cropped,ok,foreground,0,0,444,666,186aed2406b0e780aee9fab7e92db961ee8b3396a1206a9b30a775fe8badc9d9,356d828a3700343e997b3efde99de717f59a77e402eb955d7d3278895672d0d1
/Users/ashley/Desktop/python/CS156-Machine-Learning/final/data/retail_images/raw/t_shirt_top/meshki_tops_4005dbc874fe.jpg,/Users/ashley/Desktop/python/CS156-Machine-Learning/final/data/retail_images/cropped/t_shirt_top/meshki_tops_4005dbc874fe_crop.jpg,T-shirt/top,cropped,ok,foreground,0,0,888,1243,3fe5311215a6a56506e2de8873186025d2cb4ce242c72d52fce2e1c18c9d698d,595e9e95ff804e4736f80759899c5faf2bf2adb1a18d8c82f38cd1047c474e8d
/Users/ashley/Desktop/python/CS156-Machine-Learning/final/data/retail_images/raw/t_shirt_top/meshki_tops_400a9e842a88.jpg,/Users/ashley/Desktop/python/CS156-Machine-Learning/final/data/retail_images/cropped/t_shirt_top/meshki_tops_400a9e842a88_crop.jpg,T-shirt/top,cropped,ok,foreground,0,0,444,666,84a71f87161c20af32c7418af2d5ad745f792fe30cf2ff2e32fc8c894a57be70,e127688715223ff51307c6fbe0a733eee32af6f5a74d4bd0fa32447e5475dc0d
/Users/ashley/Desktop/python/CS156-Machine-Learning/final/data/retail_images/raw/t_shirt_top/meshki_tops_4298747ce233.jpg,/Users/ashley/Desktop/python/CS156-Machine-Learning/final/data/retail_images/cropped/t_shirt_top/meshki_tops_4298747ce233_crop.jpg,T-shirt/top,cropped,ok,foreground,0,0,444,666,418f43d6f519af4e4c46b43984b234d8d63c0a9ca5d89d878a366dd6b68155ae,977e1d4b78336ec713ed95e5d96311fb79c693281efc79348f4e11bf97b68fd9
/Users/ashley/Desktop/python/CS156-Machine-Learning/final/data/retail_images/raw/t_shirt_top/meshki_tops_442b8d7fca91.jpg,/Users/ashley/Desktop/python/CS156-Machine-Learning/final/data/retail_images/cropped/t_shirt_top/meshki_tops_442b8d7fca91_crop.jpg,T-shirt/top,cropped,ok,foreground,0,0,444,666,84a71f87161c20af32c7418af2d5ad745f792fe30cf2ff2e32fc8c894a57be70,e127688715223ff51307c6fbe0a733eee32af6f5a74d4bd0fa32447e5475dc0d
/Users/ashley/Desktop/python/CS156-Machine-Learning/final/data/retail_images/raw/t_shirt_top/meshki_tops_44a575df9713.jpg,/Users/ashley/Desktop/python/CS156-Machine-Learning/final/data/retail_images/cropped/t_shirt_top/meshki_tops_44a575df9713_crop.jpg,T-shirt/top,cropped,ok,foreground,0,0,444,666,e3b02740e379b094f08f32230f76267ab1b9ae4ecc308d46d375261a5ac1506f,78cc1b0376ee9645b11b4e5b2752311874e09d6da167236cab6ed466e35665e5
/Users/ashley/Desktop/python/CS156-Machine-Learning/final/data/retail_images/raw/t_shirt_top/meshki_tops_4df5b50a92ac.jpg,/Users/ashley/Desktop/python/CS156-Machine-Learning/final/data/retail_images/cropped/t_shirt_top/meshki_tops_4df5b50a92ac_crop.jpg,T-shirt/top,cropped,ok,foreground,0,0,444,666,418f43d6f519af4e4c46b43984b234d8d63c0a9ca5d89d878a366dd6b68155ae,977e1d4b78336ec713ed95e5d96311fb79c693281efc79348f4e11bf97b68fd9
/Users/ashley/Desktop/python/CS156-Machine-Learning/final/data/retail_images/raw/t_shirt_top/meshki_tops_547c059c047d.jpg,/Users/ashley/Desktop/python/CS156-Machine-Learning/final/data/retail_images/cropped/t_shirt_top/meshki_tops_547c059c047d_crop.jpg,T-shirt/top,cropped,ok,foreground,0,0,444,666,ea2958f437bbd5ba895ac8dd90996b3604ed345e6cb3b3eb25931951b4e196a9,e2b5b40f0a80ad4a571ea754772554826d008442811b88fb14abf6076179808f
/Users/ashley/Desktop/python/CS156-Machine-Learning/final/data/retail_images/raw/t_shirt_top/meshki_tops_553313099112.jpg,/Users/ashley/Desktop/python/CS156-Machine-Learning/final/data/retail_images/cropped/t_shirt_top/meshki_tops_553313099112_crop.jpg,T-shirt/top,cropped,ok,foreground,0,0,300,450,e8682fabb3366a158e126f7722fe85ee6359d467bac0af4e87b0077f69264b25,85a5e3abbab2e9832fb5db62a47e4678c5f8880d2c3f17b51e48c72a15ad803d
/Users/ashley/Desktop/python/CS156-Machine-Learning/final/data/retail_images/raw/t_shirt_top/meshki_tops_553bf2995bcc.jpg,/Users/ashley/Desktop/python/CS156-Machine-Learning/final/data/retail_images/cropped/t_shirt_top/meshki_tops_553bf2995bcc_crop.jpg,T-shirt/top,cropped,ok,foreground,0,0,888,1332,45ba82dfac285d24c4771071372be08f8a6a86b4233fef8c73a57c136d244f99,83df471f4c9292d932ff6239a185831b27f87e186b451e57a13fb920e21be619
/Users/ashley/Desktop/python/CS156-Machine-Learning/final/data/retail_images/raw/t_shirt_top/meshki_tops_56fa311719cd.jpg,/Users/ashley/Desktop/python/CS156-Machine-Learning/final/data/retail_images/cropped/t_shirt_top/meshki_tops_56fa311719cd_crop.jpg,T-shirt/top,cropped,ok,foreground,27,0,328,540,0fb2d0091d66e4bb526247a68153a407fb459b7a57801d4b2ddb5c2d86a8ca57,41bf37e05341cf0c4e35d6b9d8e3cb2ef68666daab6872fc410067286bff4bea
/Users/ashley/Desktop/python/CS156-Machine-Learning/final/data/retail_images/raw/t_shirt_top/meshki_tops_597fa77121f3.jpg,/Users/ashley/Desktop/python/CS156-Machine-Learning/final/data/retail_images/cropped/t_shirt_top/meshki_tops_597fa77121f3_crop.jpg,T-shirt/top,cropped,ok,foreground,12,0,182,300,4f039073c49102e00fb0c3445f3885fa175f26e59e6e242900f17e9f749f6313,181aa70cfa9473de8b1d8fe434a0d47ef642d4f2377c135d5385b975fe9f7b7b
/Users/ashley/Desktop/python/CS156-Machine-Learning/final/data/retail_images/raw/t_shirt_top/meshki_tops_5a1bb19fcc7c.jpg,/Users/ashley/Desktop/python/CS156-Machine-Learning/final/data/retail_images/cropped/t_shirt_top/meshki_tops_5a1bb19fcc7c_crop.jpg,T-shirt/top,cropped,ok,foreground,0,0,444,666,6f5a0a1c9c854a85255b79df70077163cf953c775d6c72320b04cff9909ac429,2700fb9483d131d7e6ccd47a64c8d9aea30a6a92ea757fe2d26b969844219446
/Users/ashley/Desktop/python/CS156-Machine-Learning/final/data/retail_images/raw/t_shirt_top/meshki_tops_5a8982ccf4d2.jpg,/Users/ashley/Desktop/python/CS156-Machine-Learning/final/data/retail_images/cropped/t_shirt_top/meshki_tops_5a8982ccf4d2_crop.jpg,T-shirt/top,cropped,ok,foreground,0,0,888,1332,0868d3992265d416312cfebd6bfec05732fa72be2280a73c09e39d4b8918d226,0762f05181cbcb02eca5b306e19f59282d183386a26e2c9692cf3c00949d3cbc
/Users/ashley/Desktop/python/CS156-Machine-Learning/final/data/retail_images/raw/t_shirt_top/meshki_tops_5e2ea2ad4fab.jpg,/Users/ashley/Desktop/python/CS156-Machine-Learning/final/data/retail_images/cropped/t_shirt_top/meshki_tops_5e2ea2ad4fab_crop.jpg,T-shirt/top,cropped,ok,foreground,46,0,484,799,c65453bb3e425139996d36c3a852e8cdda7e76f83e0ccb678238b147705552b9,5c20af3c818f8a4965870df109836ff6850c8e84268ddc3fb40305f3948cab0e
/Users/ashley/Desktop/python/CS156-Machine-Learning/final/data/retail_images/raw/t_shirt_top/meshki_tops_5e4484a0f681.jpg,/Users/ashley/Desktop/python/CS156-Machine-Learning/final/data/retail_images/cropped/t_shirt_top/meshki_tops_5e4484a0f681_crop.jpg,T-shirt/top,cropped,ok,foreground,0,0,444,666,233f47b68612b1b8033fb28310cd1a50d761c3965ecbf3cacfc158186d93bd25,12155c370066f30d7ad15fbac4c1d669dedf9bb1eea66dd7e943cbc91f12ce91
/Users/ashley/Desktop/python/CS156-Machine-Learning/final/data/retail_images/raw/t_shirt_top/meshki_tops_636a5454123c.jpg,/Users/ashley/Desktop/python/CS156-Machine-Learning/final/data/retail_images/cropped/t_shirt_top/meshki_tops_636a5454123c_crop.jpg,T-shirt/top,cropped,ok,foreground,0,0,367,666,ee6364a7b095562093d1f6746d00d713d1e0a65120f9c6067b312202fbefb6fd,eb3119c53296ef19f486bae1608c50146bddf46b44a4cb0478b3dc514ba580fa
/Users/ashley/Desktop/python/CS156-Machine-Learning/final/data/retail_images/raw/t_shirt_top/meshki_tops_648c3aa18f7e.jpg,/Users/ashley/Desktop/python/CS156-Machine-Learning/final/data/retail_images/cropped/t_shirt_top/meshki_tops_648c3aa18f7e_crop.jpg,T-shirt/top,cropped,ok,foreground,0,0,444,666,22c3b1fdc70a3d035df6b590089fcadcc6d473f911a645fbd4b782f80231b756,8b630d4b4e11dcd48651ac20b35282aa4b5184beb20f25eae15d3bc8e1324250
/Users/ashley/Desktop/python/CS156-Machine-Learning/final/data/retail_images/raw/t_shirt_top/meshki_tops_65d6c215f846.jpg,/Users/ashley/Desktop/python/CS156-Machine-Learning/final/data/retail_images/cropped/t_shirt_top/meshki_tops_65d6c215f846_crop.jpg,T-shirt/top,cropped,ok,foreground,0,0,888,1332,492dbbceb639b5c4030217d439143177c31d43c4e595a1c2738fbe98ef2e761f,423e1c88fe7a7a58acac1371c08d71e199a479715bf369e64c9b233cfdac3473
/Users/ashley/Desktop/python/CS156-Machine-Learning/final/data/retail_images/raw/t_shirt_top/meshki_tops_6a533c099f0e.jpg,/Users/ashley/Desktop/python/CS156-Machine-Learning/final/data/retail_images/cropped/t_shirt_top/meshki_tops_6a533c099f0e_crop.jpg,T-shirt/top,cropped,ok,foreground,15,0,837,1332,6862763297b5a86dbca032c953b41d638e8a497cc35efbf6a393ce8c472cfd80,56996e2a4475d1b13355e878feafc9db5e984c646685c4b6c131ba01b8a527bb
/Users/ashley/Desktop/python/CS156-Machine-Learning/final/data/retail_images/raw/t_shirt_top/meshki_tops_6a97befc29e3.jpg,/Users/ashley/Desktop/python/CS156-Machine-Learning/final/data/retail_images/cropped/t_shirt_top/meshki_tops_6a97befc29e3_crop.jpg,T-shirt/top,cropped,ok,foreground,10,0,418,666,16a6ec2de6ae888aef3f79f5bb5effa7dc310ceb2f9bd767cb4af45c9f79df51,8d8ec6578b160e078fef77177e27594b07cd5de8010dc9907bf996fa5798f8f2
/Users/ashley/Desktop/python/CS156-Machine-Learning/final/data/retail_images/raw/t_shirt_top/meshki_tops_6ad08b12c13f.jpg,/Users/ashley/Desktop/python/CS156-Machine-Learning/final/data/retail_images/cropped/t_shirt_top/meshki_tops_6ad08b12c13f_crop.jpg,T-shirt/top,cropped,ok,foreground,0,0,367,666,ee6364a7b095562093d1f6746d00d713d1e0a65120f9c6067b312202fbefb6fd,eb3119c53296ef19f486bae1608c50146bddf46b44a4cb0478b3dc514ba580fa
/Users/ashley/Desktop/python/CS156-Machine-Learning/final/data/retail_images/raw/t_shirt_top/meshki_tops_6dbeb2a0681e.jpg,/Users/ashley/Desktop/python/CS156-Machine-Learning/final/data/retail_images/cropped/t_shirt_top/meshki_tops_6dbeb2a0681e_crop.jpg,T-shirt/top,cropped,ok,foreground,0,0,888,1332,d0bc3c55aee42e42cc6b2df59ed09e1e39dee53d464103427d20b9338d248395,3953e5f0ad4aaccf86fa0d08931cf567053ac6e2b7cbbd764e20e68a80610fbc
/Users/ashley/Desktop/python/CS156-Machine-Learning/final/data/retail_images/raw/t_shirt_top/meshki_tops_6faa41f8d51e.jpg,/Users/ashley/Desktop/python/CS156-Machine-Learning/final/data/retail_images/cropped/t_shirt_top/meshki_tops_6faa41f8d51e_crop.jpg,T-shirt/top,cropped,ok,foreground,0,0,300,450,e9e66cb56a03d41dcc640b13e5415b55d67f66fbdabe77134fb9992081041680,f68fa4945fec27da40e65d821acf38edb23aee6b7b17d7118212971068a40791
/Users/ashley/Desktop/python/CS156-Machine-Learning/final/data/retail_images/raw/t_shirt_top/meshki_tops_725422d525a0.jpg,/Users/ashley/Desktop/python/CS156-Machine-Learning/final/data/retail_images/cropped/t_shirt_top/meshki_tops_725422d525a0_crop.jpg,T-shirt/top,cropped,ok,foreground,0,0,444,666,d7f6afd9c5d5d5b639837b15bbadee9d059ee3e4ff76c059e748b1f33c4655e9,4fce2dc3d1fcbc3156015b05cf43442eb22fca1e38e88b3c38dde090d6b54134
/Users/ashley/Desktop/python/CS156-Machine-Learning/final/data/retail_images/raw/t_shirt_top/meshki_tops_7345b37a632d.jpg,/Users/ashley/Desktop/python/CS156-Machine-Learning/final/data/retail_images/cropped/t_shirt_top/meshki_tops_7345b37a632d_crop.jpg,T-shirt/top,cropped,ok,foreground,0,0,888,1332,8847940f99819a1bd890e75fe3795e730f6e705eb384d65ada16bc8a6b2b8cfb,7eb4524813f4e49f42d17b82cf186bf1ab14910c805b48ebe4ef2d61b0a78a5a
/Users/ashley/Desktop/python/CS156-Machine-Learning/final/data/retail_images/raw/t_shirt_top/meshki_tops_73dfa64b582e.jpg,/Users/ashley/Desktop/python/CS156-Machine-Learning/final/data/retail_images/cropped/t_shirt_top/meshki_tops_73dfa64b582e_crop.jpg,T-shirt/top,cropped,ok,foreground,0,0,888,1332,2fd66c907fe7f9418fe5fd8d6beb6c8f343ba0f4228122d0f7e40cd28286f1b4,41f868b3a736fbc47375f4708c49538e44b459c02d2a0cbda3f07af354ded0b3
/Users/ashley/Desktop/python/CS156-Machine-Learning/final/data/retail_images/raw/t_shirt_top/meshki_tops_74c420470515.jpg,/Users/ashley/Desktop/python/CS156-Machine-Learning/final/data/retail_images/cropped/t_shirt_top/meshki_tops_74c420470515_crop.jpg,T-shirt/top,cropped,ok,foreground,0,0,444,666,d7f6afd9c5d5d5b639837b15bbadee9d059ee3e4ff76c059e748b1f33c4655e9,4fce2dc3d1fcbc3156015b05cf43442eb22fca1e38e88b3c38dde090d6b54134
/Users/ashley/Desktop/python/CS156-Machine-Learning/final/data/retail_images/raw/t_shirt_top/meshki_tops_74cfd88c6165.jpg,/Users/ashley/Desktop/python/CS156-Machine-Learning/final/data/retail_images/cropped/t_shirt_top/meshki_tops_74cfd88c6165_crop.jpg,T-shirt/top,cropped,ok,foreground,0,0,444,666,233f47b68612b1b8033fb28310cd1a50d761c3965ecbf3cacfc158186d93bd25,12155c370066f30d7ad15fbac4c1d669dedf9bb1eea66dd7e943cbc91f12ce91
/Users/ashley/Desktop/python/CS156-Machine-Learning/final/data/retail_images/raw/t_shirt_top/meshki_tops_75218759aeeb.jpg,/Users/ashley/Desktop/python/CS156-Machine-Learning/final/data/retail_images/cropped/t_shirt_top/meshki_tops_75218759aeeb_crop.jpg,T-shirt/top,cropped,ok,foreground,0,0,444,622,b30ab285b026fe5783ab94d18faeecc2729059da42fa6bd1f320cf44aad54dcd,11580ffb27adcad03a012ad07101fe051a3dc91a07014c7c55e8a196c890ced6
/Users/ashley/Desktop/python/CS156-Machine-Learning/final/data/retail_images/raw/t_shirt_top/meshki_tops_75f1c3e787ad.jpg,/Users/ashley/Desktop/python/CS156-Machine-Learning/final/data/retail_images/cropped/t_shirt_top/meshki_tops_75f1c3e787ad_crop.jpg,T-shirt/top,cropped,ok,foreground,0,0,200,300,8b61635b47a4e94ff1fc2c6995e5479b46ccbe3944be6bd165e566910b425ee6,2b313d91dea676ec93dd1e97d22618fe5e6c40c8161ff4419dae2f4d26cf06d7
/Users/ashley/Desktop/python/CS156-Machine-Learning/final/data/retail_images/raw/t_shirt_top/meshki_tops_77459f416155.jpg,/Users/ashley/Desktop/python/CS156-Machine-Learning/final/data/retail_images/cropped/t_shirt_top/meshki_tops_77459f416155_crop.jpg,T-shirt/top,cropped,ok,foreground,0,0,444,666,47b66f98c8c9265273d5e181d9c15e13aa0c925d98f6d1d79ab37888d9ca1bff,062558b1b31408b8b1af446c749b38c8892e764b4257f0be017588b364c338c1
/Users/ashley/Desktop/python/CS156-Machine-Learning/final/data/retail_images/raw/t_shirt_top/meshki_tops_7750f3af282a.jpg,/Users/ashley/Desktop/python/CS156-Machine-Learning/final/data/retail_images/cropped/t_shirt_top/meshki_tops_7750f3af282a_crop.jpg,T-shirt/top,cropped,ok,foreground,0,0,300,450,0764d257e51b84685a3b1ab257fda2a89a98c0660994c2b02ace2191dab6ba1e,892206b046e7927c70df21b23360cc2db3e5108d216e52ef221bfad4da3094de
/Users/ashley/Desktop/python/CS156-Machine-Learning/final/data/retail_images/raw/t_shirt_top/meshki_tops_775eef376d8a.jpg,/Users/ashley/Desktop/python/CS156-Machine-Learning/final/data/retail_images/cropped/t_shirt_top/meshki_tops_775eef376d8a_crop.jpg,T-shirt/top,cropped,ok,foreground,0,0,444,666,ea2958f437bbd5ba895ac8dd90996b3604ed345e6cb3b3eb25931951b4e196a9,e2b5b40f0a80ad4a571ea754772554826d008442811b88fb14abf6076179808f
/Users/ashley/Desktop/python/CS156-Machine-Learning/final/data/retail_images/raw/t_shirt_top/meshki_tops_7954399d2387.jpg,/Users/ashley/Desktop/python/CS156-Machine-Learning/final/data/retail_images/cropped/t_shirt_top/meshki_tops_7954399d2387_crop.jpg,T-shirt/top,cropped,ok,foreground,50,0,250,450,e29451c4ae684fcc2506281885cf3d10696593500f20a4b3ba251bb7cdf14ff2,a71d1fb8c07386c481cdfd5d5c752fac854bc0d3f6b5ea1cc0e6ea50fbf74065
/Users/ashley/Desktop/python/CS156-Machine-Learning/final/data/retail_images/raw/t_shirt_top/meshki_tops_7a362e6352f1.jpg,/Users/ashley/Desktop/python/CS156-Machine-Learning/final/data/retail_images/cropped/t_shirt_top/meshki_tops_7a362e6352f1_crop.jpg,T-shirt/top,cropped,ok,foreground,0,0,888,1332,543850c8f9182edaa3ce225ff1351b4295b16bf35a69835567757ea98149b244,050476963b0a82be62ecaa44c1c6daec426bc8f8bcc3fae0c9ae8f88fcbb10f4
/Users/ashley/Desktop/python/CS156-Machine-Learning/final/data/retail_images/raw/t_shirt_top/meshki_tops_81b6808f4e19.jpg,/Users/ashley/Desktop/python/CS156-Machine-Learning/final/data/retail_images/cropped/t_shirt_top/meshki_tops_81b6808f4e19_crop.jpg,T-shirt/top,cropped,ok,foreground,0,0,1332,1997,6b7f7d01c842512ee117d85f24fc416f286c9b6498f7e6defb0f5bdaf27f8806,f28448299a23638ae0801a016cc3f93fbe8d628003843129b8a58eb60387c16b
/Users/ashley/Desktop/python/CS156-Machine-Learning/final/data/retail_images/raw/t_shirt_top/meshki_tops_82b21cefa7b1.jpg,/Users/ashley/Desktop/python/CS156-Machine-Learning/final/data/retail_images/cropped/t_shirt_top/meshki_tops_82b21cefa7b1_crop.jpg,T-shirt/top,cropped,ok,foreground,0,0,444,666,186aed2406b0e780aee9fab7e92db961ee8b3396a1206a9b30a775fe8badc9d9,356d828a3700343e997b3efde99de717f59a77e402eb955d7d3278895672d0d1
/Users/ashley/Desktop/python/CS156-Machine-Learning/final/data/retail_images/raw/t_shirt_top/meshki_tops_84f7da927529.jpg,/Users/ashley/Desktop/python/CS156-Machine-Learning/final/data/retail_images/cropped/t_shirt_top/meshki_tops_84f7da927529_crop.jpg,T-shirt/top,cropped,ok,foreground,0,0,444,666,890cdbce2dab5b5f07f05287ef63b62e1ea69fbf63bd381bf29a17990dfc333e,0df6d8d90b33d6deac3144d99a4b116dc9c55cc1f520ec8f1f29a8c995aeeb53
/Users/ashley/Desktop/python/CS156-Machine-Learning/final/data/retail_images/raw/t_shirt_top/meshki_tops_85c277c51803.jpg,/Users/ashley/Desktop/python/CS156-Machine-Learning/final/data/retail_images/cropped/t_shirt_top/meshki_tops_85c277c51803_crop.jpg,T-shirt/top,cropped,ok,foreground,69,0,369,666,c978c56cce852fdf380b201094009db5e84f631b2748d61c0db94e504073373e,8044782609162e5cd1a407f9b39b4f846479d1ad1e0cd8b3b93ddc6f9bdde028
/Users/ashley/Desktop/python/CS156-Machine-Learning/final/data/retail_images/raw/t_shirt_top/meshki_tops_92a43b15b412.jpg,/Users/ashley/Desktop/python/CS156-Machine-Learning/final/data/retail_images/cropped/t_shirt_top/meshki_tops_92a43b15b412_crop.jpg,T-shirt/top,cropped,ok,foreground,0,0,444,666,89d4255de590203be00b51338fd740448ae64d4738948276cb0732a7a7dfa2aa,b3cb94c9ecd054c3363cdf5b4774e2d0e56680d63613452d02aff0f484ec59d6
/Users/ashley/Desktop/python/CS156-Machine-Learning/final/data/retail_images/raw/t_shirt_top/meshki_tops_946da12983e3.jpg,/Users/ashley/Desktop/python/CS156-Machine-Learning/final/data/retail_images/cropped/t_shirt_top/meshki_tops_946da12983e3_crop.jpg,T-shirt/top,cropped,ok,foreground,0,0,888,1332,be60b217228e823d739c738739a0dff79e75c262945747eca6f511d4cb64a42e,aede17999764a9fed29e99bd91c9c4df852af88d060d4ad4b2b684387411aab5
/Users/ashley/Desktop/python/CS156-Machine-Learning/final/data/retail_images/raw/t_shirt_top/meshki_tops_9aa071f86363.jpg,/Users/ashley/Desktop/python/CS156-Machine-Learning/final/data/retail_images/cropped/t_shirt_top/meshki_tops_9aa071f86363_crop.jpg,T-shirt/top,cropped,ok,foreground,0,0,444,666,47b66f98c8c9265273d5e181d9c15e13aa0c925d98f6d1d79ab37888d9ca1bff,062558b1b31408b8b1af446c749b38c8892e764b4257f0be017588b364c338c1
/Users/ashley/Desktop/python/CS156-Machine-Learning/final/data/retail_images/raw/t_shirt_top/meshki_tops_ae8650da23ec.jpg,/Users/ashley/Desktop/python/CS156-Machine-Learning/final/data/retail_images/cropped/t_shirt_top/meshki_tops_ae8650da23ec_crop.jpg,T-shirt/top,cropped,ok,foreground,0,0,734,1332,b9485104d039322017faade959d8574aaa953f63c16316b7a6bba8aff960494c,acb7bcfe0676fb202bf45199f4dc91df0f95925ca14ab0fa049ad5b059c75005
/Users/ashley/Desktop/python/CS156-Machine-Learning/final/data/retail_images/raw/t_shirt_top/meshki_tops_af2b7b64c226.jpg,/Users/ashley/Desktop/python/CS156-Machine-Learning/final/data/retail_images/cropped/t_shirt_top/meshki_tops_af2b7b64c226_crop.jpg,T-shirt/top,cropped,ok,foreground,0,0,444,666,56c16687eafdd530bdeb42fd6e3676ffdc92c682c1c2b8c37dbd13ef93ee77c6,cc566f6faa90939d6a4ae12628e69ea90fb4c6109aa99c16743f12253ba9739c
/Users/ashley/Desktop/python/CS156-Machine-Learning/final/data/retail_images/raw/t_shirt_top/meshki_tops_b175158107bd.jpg,/Users/ashley/Desktop/python/CS156-Machine-Learning/final/data/retail_images/cropped/t_shirt_top/meshki_tops_b175158107bd_crop.jpg,T-shirt/top,cropped,ok,foreground,0,0,444,666,70f6fe900c441da6fdd9096f6e5ed33de20410cc86ebeb568786509c5349a3e3,ea87d9adaf3b72661b47917e862ad69c83b1f0b0b543cbc9bc80fb618b2b5a5a
/Users/ashley/Desktop/python/CS156-Machine-Learning/final/data/retail_images/raw/t_shirt_top/meshki_tops_bab9a1531486.jpg,/Users/ashley/Desktop/python/CS156-Machine-Learning/final/data/retail_images/cropped/t_shirt_top/meshki_tops_bab9a1531486_crop.jpg,T-shirt/top,cropped,ok,foreground,0,0,888,1332,eaa1fc2eb905dd9879d056a22fa16d75dc68f78cc6a0387170ba240a3790056f,ca8a51c5e9204033e4410b4ba3a4b6876aa7024d31f34437736859cd57d2d788
/Users/ashley/Desktop/python/CS156-Machine-Learning/final/data/retail_images/raw/t_shirt_top/meshki_tops_bdcbe92fa0d8.jpg,/Users/ashley/Desktop/python/CS156-Machine-Learning/final/data/retail_images/cropped/t_shirt_top/meshki_tops_bdcbe92fa0d8_crop.jpg,T-shirt/top,cropped,ok,foreground,25,0,273,450,389e58dbaac22e25e27834d115c27cc3004d56ef6bbb4c693ae9abe4b672e7c8,36bd8962a15e2ee8f6c56936dad58af136f4460771991beb384b6418b357ba73
/Users/ashley/Desktop/python/CS156-Machine-Learning/final/data/retail_images/raw/t_shirt_top/meshki_tops_bffa1f67da3e.jpg,/Users/ashley/Desktop/python/CS156-Machine-Learning/final/data/retail_images/cropped/t_shirt_top/meshki_tops_bffa1f67da3e_crop.jpg,T-shirt/top,cropped,ok,foreground,0,0,444,666,e3b02740e379b094f08f32230f76267ab1b9ae4ecc308d46d375261a5ac1506f,78cc1b0376ee9645b11b4e5b2752311874e09d6da167236cab6ed466e35665e5
/Users/ashley/Desktop/python/CS156-Machine-Learning/final/data/retail_images/raw/t_shirt_top/meshki_tops_c044691e8845.jpg,/Users/ashley/Desktop/python/CS156-Machine-Learning/final/data/retail_images/cropped/t_shirt_top/meshki_tops_c044691e8845_crop.jpg,T-shirt/top,cropped,ok,foreground,15,0,149,247,0ba0fd0ff36ec808ddc53afaa78542e2b39d5cc3f5e5679b51ea27aa56d19052,de822924e12992c75a88bfbcf0d926dcbcc3669fbd340bb76d91a0a6a2133bff
/Users/ashley/Desktop/python/CS156-Machine-Learning/final/data/retail_images/raw/t_shirt_top/meshki_tops_c583c89d2400.jpg,/Users/ashley/Desktop/python/CS156-Machine-Learning/final/data/retail_images/cropped/t_shirt_top/meshki_tops_c583c89d2400_crop.jpg,T-shirt/top,cropped,ok,foreground,0,0,200,300,88511e9873fb52e54835e3f9d3435d4a28ecb5b4cd75d9c15a4566c545f9473d,1b5c43a16b8179db51d6885f90aef74cde7d7b8b042cc4ae1ec5aef60cd312f7
/Users/ashley/Desktop/python/CS156-Machine-Learning/final/data/retail_images/raw/t_shirt_top/meshki_tops_c9579770a700.jpg,/Users/ashley/Desktop/python/CS156-Machine-Learning/final/data/retail_images/cropped/t_shirt_top/meshki_tops_c9579770a700_crop.jpg,T-shirt/top,cropped,ok,foreground,0,0,888,1332,df15b7dcd875e189d747a3ce676d4b8ea8b9c7745d76222c67f5e204d3931bd1,37bad098c02f59e89803ac48bf974c6f4a1d8190ee4c2e71f2982406a63c5144
/Users/ashley/Desktop/python/CS156-Machine-Learning/final/data/retail_images/raw/t_shirt_top/meshki_tops_ca1b72d9f56c.jpg,/Users/ashley/Desktop/python/CS156-Machine-Learning/final/data/retail_images/cropped/t_shirt_top/meshki_tops_ca1b72d9f56c_crop.jpg,T-shirt/top,cropped,ok,foreground,69,0,369,666,c978c56cce852fdf380b201094009db5e84f631b2748d61c0db94e504073373e,8044782609162e5cd1a407f9b39b4f846479d1ad1e0cd8b3b93ddc6f9bdde028
/Users/ashley/Desktop/python/CS156-Machine-Learning/final/data/retail_images/raw/t_shirt_top/meshki_tops_cf7bc1fd847c.jpg,/Users/ashley/Desktop/python/CS156-Machine-Learning/final/data/retail_images/cropped/t_shirt_top/meshki_tops_cf7bc1fd847c_crop.jpg,T-shirt/top,cropped,ok,foreground,0,0,444,666,22c3b1fdc70a3d035df6b590089fcadcc6d473f911a645fbd4b782f80231b756,8b630d4b4e11dcd48651ac20b35282aa4b5184beb20f25eae15d3bc8e1324250
/Users/ashley/Desktop/python/CS156-Machine-Learning/final/data/retail_images/raw/t_shirt_top/meshki_tops_d19ed0457a23.jpg,/Users/ashley/Desktop/python/CS156-Machine-Learning/final/data/retail_images/cropped/t_shirt_top/meshki_tops_d19ed0457a23_crop.jpg,T-shirt/top,cropped,ok,foreground,0,0,888,1332,f3770b58fcfde5c5e82c45ffcf6ff25891a125e1effa706ad07a8454ea9f3ace,48d8617cea88ab93a91b4cdb996a0cc748381eeb84ab7ba37b009010a007e2eb
/Users/ashley/Desktop/python/CS156-Machine-Learning/final/data/retail_images/raw/t_shirt_top/meshki_tops_da78ba24e708.jpg,/Users/ashley/Desktop/python/CS156-Machine-Learning/final/data/retail_images/cropped/t_shirt_top/meshki_tops_da78ba24e708_crop.jpg,T-shirt/top,cropped,ok,foreground,0,0,444,666,890cdbce2dab5b5f07f05287ef63b62e1ea69fbf63bd381bf29a17990dfc333e,0df6d8d90b33d6deac3144d99a4b116dc9c55cc1f520ec8f1f29a8c995aeeb53
/Users/ashley/Desktop/python/CS156-Machine-Learning/final/data/retail_images/raw/t_shirt_top/meshki_tops_dcbc11420689.jpg,/Users/ashley/Desktop/python/CS156-Machine-Learning/final/data/retail_images/cropped/t_shirt_top/meshki_tops_dcbc11420689_crop.jpg,T-shirt/top,cropped,ok,foreground,0,0,444,666,b9d10d281a095a0d00fe7089fdef90ddf3badae5e8f0f3149020721577051489,37f1834d9a47a2de1414d71de3ba44a033f42fd4ab6c1a677abaed7dcb349acf
/Users/ashley/Desktop/python/CS156-Machine-Learning/final/data/retail_images/raw/t_shirt_top/meshki_tops_e55cd166c2c1.jpg,/Users/ashley/Desktop/python/CS156-Machine-Learning/final/data/retail_images/cropped/t_shirt_top/meshki_tops_e55cd166c2c1_crop.jpg,T-shirt/top,cropped,ok,foreground,0,0,444,666,df8abd129b4d70c9179da5d048201e4e7efaa70f5acaad89910f77740a7cec3a,bcdc12c72cfb89c5f4952d30009cac13aa62b28c792cb4942fcaa2af29a7d60c
/Users/ashley/Desktop/python/CS156-Machine-Learning/final/data/retail_images/raw/t_shirt_top/meshki_tops_e62e35cee26f.jpg,/Users/ashley/Desktop/python/CS156-Machine-Learning/final/data/retail_images/cropped/t_shirt_top/meshki_tops_e62e35cee26f_crop.jpg,T-shirt/top,cropped,ok,foreground,0,0,888,1332,5be564facb0115efceaaeee0e6943d15591e212abf7e228e36a4f8b5add28c8d,69bfef12d2dfe739cb350319ba1581bbd45407f98358c68804184ef3f670d033
/Users/ashley/Desktop/python/CS156-Machine-Learning/final/data/retail_images/raw/t_shirt_top/meshki_tops_e9f320db28fd.jpg,/Users/ashley/Desktop/python/CS156-Machine-Learning/final/data/retail_images/cropped/t_shirt_top/meshki_tops_e9f320db28fd_crop.jpg,T-shirt/top,cropped,ok,foreground,0,0,444,622,b30ab285b026fe5783ab94d18faeecc2729059da42fa6bd1f320cf44aad54dcd,11580ffb27adcad03a012ad07101fe051a3dc91a07014c7c55e8a196c890ced6
/Users/ashley/Desktop/python/CS156-Machine-Learning/final/data/retail_images/raw/t_shirt_top/meshki_tops_efdcd8278bdd.jpg,/Users/ashley/Desktop/python/CS156-Machine-Learning/final/data/retail_images/cropped/t_shirt_top/meshki_tops_efdcd8278bdd_crop.jpg,T-shirt/top,cropped,ok,foreground,0,0,444,666,6f5a0a1c9c854a85255b79df70077163cf953c775d6c72320b04cff9909ac429,2700fb9483d131d7e6ccd47a64c8d9aea30a6a92ea757fe2d26b969844219446
/Users/ashley/Desktop/python/CS156-Machine-Learning/final/data/retail_images/raw/t_shirt_top/meshki_tops_f13962c90e95.jpg,/Users/ashley/Desktop/python/CS156-Machine-Learning/final/data/retail_images/cropped/t_shirt_top/meshki_tops_f13962c90e95_crop.jpg,T-shirt/top,cropped,ok,foreground,0,0,888,1332,65ef453aafd575da90f900a62906d8d9ca394671587d7fff098def1e05bc6f58,f95cc7eea9db4b94fd82f883d3581464b554ba352e11a5306fe8f4852560a89f
/Users/ashley/Desktop/python/CS156-Machine-Learning/final/data/retail_images/raw/t_shirt_top/meshki_tops_f210def26beb.jpg,/Users/ashley/Desktop/python/CS156-Machine-Learning/final/data/retail_images/cropped/t_shirt_top/meshki_tops_f210def26beb_crop.jpg,T-shirt/top,cropped,ok,foreground,0,0,888,1332,70d3df8f0781ce6ef556b3c55e75e47e34bf91a3788a091fa033b4308c1bad00,6c463220e9b6805be642a9a920ddc7e11f50345fe41766790fc279879ad4d6ca
/Users/ashley/Desktop/python/CS156-Machine-Learning/final/data/retail_images/raw/t_shirt_top/meshki_tops_f33d352143da.jpg,/Users/ashley/Desktop/python/CS156-Machine-Learning/final/data/retail_images/cropped/t_shirt_top/meshki_tops_f33d352143da_crop.jpg,T-shirt/top,cropped,ok,foreground,0,0,444,666,df8abd129b4d70c9179da5d048201e4e7efaa70f5acaad89910f77740a7cec3a,bcdc12c72cfb89c5f4952d30009cac13aa62b28c792cb4942fcaa2af29a7d60c
/Users/ashley/Desktop/python/CS156-Machine-Learning/final/data/retail_images/raw/t_shirt_top/meshki_tops_fee8980e9b9d.jpg,/Users/ashley/Desktop/python/CS156-Machine-Learning/final/data/retail_images/cropped/t_shirt_top/meshki_tops_fee8980e9b9d_crop.jpg,T-shirt/top,cropped,ok,foreground,129,0,867,1332,1668c1fbce17b2dabbdf565c135978f5e0216880d4316299bf917ba676833dd0,af5fc9d81b4d9425c6ef62b417ec0066f4cb7c20430cede55e90a42078e4c073
