,precision,recall,f1-score,support
top,0.8666666666666667,0.7222222222222222,0.7878787878787878,18.0
trouser,0.7083333333333334,0.9444444444444444,0.8095238095238095,18.0
dress,0.8666666666666667,0.7222222222222222,0.7878787878787878,18.0
outerwear,0.7272727272727273,0.8888888888888888,0.8,18.0
footwear,1.0,0.8333333333333334,0.9090909090909091,18.0
bag,0.9411764705882353,0.8888888888888888,0.9142857142857143,18.0
accuracy,0.8333333333333334,0.8333333333333334,0.8333333333333334,0.8333333333333334
macro avg,0.8516859774212716,0.8333333333333334,0.8347763347763348,108.0
weighted avg,0.8516859774212716,0.8333333333333334,0.8347763347763347,108.0
